SIZE-3year,GR-PROFIT-MARGIN-3year,CAPITAL-EMPLOYED-TURNOVER-3year,STOCKHOLDERS-EQUITY-TURNOVER-3year,CAPITAL-EMPLOYED/NET-FIXED-ASSETS-3year,DEBT/EQUITY-3year,EQUITY/CAPITAL-EMPLOYED-3year,WORKING-CAPITAL/TOTAL-ASSETS-3year,AV-COLLECTION-PERIOD-FOR-RECIEVABLES-3year,AV-PAYMENT-PERIOD-3year,AV-TURNOVER-PERIOD-FOR-INVENTORIES-3year,SCALED-CHANGE-ASSETS-2year,SIZE-2year,CH.NET-INCOME-2year,GR-PROFIT-MARGIN-2year,CAPITAL-EMPLOYED-TURNOVER-2year,STOCKHOLDERS-EQUITY-TURNOVER-2year,CAPITAL-EMPLOYED/NET-FIXED-ASSETS-2year,DEBT/EQUITY-2year,EQUITY/CAPITAL-EMPLOYED-2year,WORKING-CAPITAL/TOTAL-ASSETS-2year,AV-COLLECTION-PERIOD-FOR-RECIEVABLES-2year,AV-PAYMENT-PERIOD-2year,AV-TURNOVER-PERIOD-FOR-INVENTORIES-2year,final
17.048357,11.394002,8.553323,9.782489,0.545139,22.955679,0.87435,-0.338667,431.196373,307.433926,59.958526,-0.163349,16.718705,-0.332261,0.007019,4.437544,5.073205,1.765993,16.508362,0.874702,0.0109,698.486763,326.597359,0,Bankrupted
17.777371,5.022056,0.405121,0.405121,1.33546,0.676128,1,0.073301,61.828454,134.429902,365.416021,0.028336,17.834058,-0.472987,20.121869,0.455641,0.500191,1.125059,0.804943,0.910933,0.008382,50.308317,276.608621,366.879367,Bankrupted
11.855231,6.372713,2.939412,2.939412,50.054526,2.089913,1,0.192623,188.64515,29.310724,109.392223,0.319564,12.517553,1,17.366526,1.585416,1.585427,378.147222,1.050186,0.999993,0.427538,283.190442,195.587902,89.918697,Bankrupted
13.911165,16.481641,5.661395,5.66136,13.304319,6.360569,1.000006,0.101952,357.85015,239.631257,0,0.036113,13.983422,0.298251,20.036991,5.801234,5.801234,12.686171,6.682304,1,0.0906,271.614982,288.64375,0,Bankrupted
14.93396,24.877081,6.295984,6.295984,0.855904,5.916377,1,-0.079627,232.387033,173.791784,58.048552,0.054719,15.043507,-1,20.175692,7.068596,7.068596,0.731521,7.849565,1,-0.118476,241.826172,183.83576,57.286862,Bankrupted
13.742265,38.30736,6.122324,6.122324,0.526064,5.637259,1,-0.283839,11.847126,245.600517,0,0.298616,14.358264,-0.351794,38.871929,5.691649,5.691612,0.448397,10.406871,1.000006,-0.218278,240.975998,418.328223,0,Bankrupted
15.120019,19.436701,6.702978,6.702978,63.768465,5.352133,1,0.14074,311.93363,29.927636,32.670675,-0.083622,14.952385,0.492204,15.358261,5.249375,5.249375,79.280127,4.257412,1,0.173942,325.460627,42.927935,30.399356,Bankrupted
15.462392,41.984756,2.929238,3.444128,8.899379,5.071541,0.850502,0.14212,395.909792,202.877588,176.986379,0.15242,15.769626,-0.092149,40.912899,1.521273,2.597673,3.298102,4.512769,0.585629,0.193179,457.892816,349.874337,209.189855,Bankrupted
14.943006,33.950649,3.966549,4.106046,0.779867,2.934025,0.966026,-0.133341,165.18892,26.032529,63.566507,0.12061,15.185406,0.071923,33.99743,1.157388,4.548146,2.461724,3.332498,0.254475,0.458061,151.134198,27.905173,70.471505,Bankrupted
18.084061,-71.787466,0.021042,0.038628,2.817719,1.143367,0.544736,0.521513,2089.152419,1686.274746,771.431076,-0.007257,18.069546,0.941226,38.746819,0.031585,0.058735,2.873073,1.186579,0.537763,0.520988,1920.420588,1359.942155,122.140436,Bankrupted
13.230511,35.94596,4.856537,4.856537,11.194818,2.30425,1,0.162662,92.735684,83.133184,207.570069,-0.029863,13.170767,-0.37158,39.697183,3.782499,3.782499,11.901943,2.161782,1,0.152859,47.500611,151.890258,344.702904,Bankrupted
15.388187,12.896481,30.602346,35.911546,5.438206,18.30931,0.852159,0.040169,149.678066,118.856837,34.535917,-0.041958,15.304223,-0.763716,11.324379,23.974922,27.886343,1.44099,15.394469,0.859737,-0.00044,145.821202,112.672155,49.780574,Bankrupted
14.109318,14.424671,14.855561,23.572844,1.091871,10.007714,0.630198,-0.114328,53.698296,112.57553,13.234921,0.04054,14.190443,-0.368936,13.161186,12.678043,19.050455,1.137725,10.728184,0.665498,-0.116016,64.511445,131.37626,37.984038,Bankrupted
13.071884,32.754268,2.835608,3.47904,15.876748,3.27797,0.815055,0.195224,156.132533,82.167819,189.919963,-0.169294,12.730005,0.248795,36.139887,3.256077,3.256077,19.685135,1.980801,1,0.203176,184.573086,47.363488,209.65986,Bankrupted
15.228073,16.067266,12.067761,12.185461,3.030303,7.885534,0.990341,0.064954,177.640218,162.310664,35.104031,-0.05603,15.115895,-0.366442,16.621275,6.489272,6.489272,4.433202,4.24026,1,0.134319,197.891763,174.499104,42.456243,Bankrupted
15.929209,10.659605,1.459117,7.77549,1.783445,40.465741,0.187656,-0.479804,380.865389,18.569982,655.503363,0.096603,16.123019,-0.642561,14.927649,5.350601,-3.009944,2.73717,-25.912455,-1.777641,-0.283878,409.974729,40.637416,1371.448474,Bankrupted
15.71231,35.849503,0.808673,0.929762,1.815936,1.009124,0.869764,0.149248,214.213489,128.226445,374.977436,0.053067,15.818543,-0.535308,34.404367,1.023917,1.111833,1.625469,1.238371,0.920927,0.029933,203.760303,110.302357,388.926834,Bankrupted
14.219207,7.172148,20.604506,21.139379,3.711184,7.645507,0.974698,0.024764,48.132857,6.973097,37.130655,0.05414,14.327593,-0.354457,6.254954,24.43939,24.43939,34.313266,12.747351,1,0.000742,96.14272,16.724244,33.662474,Bankrupted
12.148851,15.448807,-11.338067,-9.061035,-0.517687,-11.793217,1.251299,-0.675704,0,0,101.821508,0.213624,12.582782,-0.014053,10.864643,-4.680689,-4.680689,-1.013289,-9.253851,1,-0.681845,0,0,127.362572,Bankrupted
14.21983,24.827902,5.378844,5.378844,0.737521,2.183476,1,-0.369064,83.325448,85.034998,0,0.107967,14.436608,1,18.962282,8.753712,8.753712,0.466091,4.616372,1,-0.375104,104.676403,61.752792,0,Bankrupted
19.309802,2.965355,0.073897,11.368387,1.063672,155.067102,0.0065,0.002331,90.904104,52.592845,256.39776,0.021404,19.352618,0.51501,1.257706,0.115597,-4.280004,1.055353,-38.640748,-0.027009,-0.022204,35.581885,39.928354,197.031861,Bankrupted
14.715864,14.908827,3.825538,3.825538,1.106286,3.837996,1,0.003016,237.737177,245.101349,15.257944,0.332519,15.407179,1,17.883614,3.678333,3.678333,0.534423,5.049908,1,-0.16013,333.06649,292.009688,46.979403,Bankrupted
15.182899,3.265915,37.6616,57.30431,5.915511,7.699829,0.657221,-0.022451,18.133152,40.040302,13.531381,0.191267,15.570202,0.212376,2.9493,76.252703,121.758284,3.724716,12.350644,0.626263,-0.044199,19.737245,33.056895,12.004339,Bankrupted
14.363132,30.070256,8.529159,8.529159,19.982467,6.969063,1,0.120952,18.838792,139.734664,294.408036,0.282998,14.945008,-0.427305,30.785286,8.758694,8.758694,6.386107,13.534822,1,0.055588,30.977222,378.102394,621.273404,Bankrupted
16.244218,4.904213,0.462587,0.900342,0.854251,1.430892,0.51379,-0.189309,134.333736,191.126574,88.745267,-0.017589,16.209037,-0.181162,1.576787,0.481656,0.993714,0.699381,2.072943,0.484703,-0.279966,127.353978,319.055745,112.837795,Bankrupted
15.919981,27.008409,0.32309,0.410879,1.042048,0.658483,0.786338,-0.0838,336.470161,274.149436,30.104752,0.032927,15.985858,-0.551753,23.054927,0.279611,0.350356,1.127491,0.714762,0.798075,-0.07872,593.046197,426.742376,16.370886,Bankrupted
14.796652,12.759217,13.37258,13.37258,1.248299,2.842749,1,0.053477,55.635114,68.178439,12.90706,-0.019204,14.758238,-1,17.150348,17.663152,17.663152,1.089297,3.728207,1,-0.031942,49.096728,80.285788,18.813417,Bankrupted
11.563343,58.625911,5.041098,5.041098,0.607574,1.88611,1,-0.356581,0,292.17287,11.338217,0.07596,11.715556,0.415093,63.934909,2.919553,2.919553,1.16402,1.21191,1,-0.131927,4.297045,318.487098,9.026637,Bankrupted
16.029913,95.891219,0.029437,0.029437,0.738583,1.076538,1,-0.171298,6421.704102,706662.6066,438.209598,0.001561,16.033035,0.543924,34.336427,0.044018,0.044017,0.714239,1.195179,1,-0.222372,5153.94344,15073.2219,0,Bankrupted
11.669031,33.575171,7.295604,7.295604,4.184411,5.791742,1,0.037914,117.613984,221.530605,14.021845,0.154653,11.980839,0.543325,58.7837,16.003464,16.003464,5.281344,11.378067,1,-0.002261,33.786486,263.262099,53.416091,Bankrupted
12.385001,22.47347,10.713602,11.319859,1.751444,3.466723,0.946443,-0.046194,17.306926,101.2221,0,-0.237685,11.900362,0.431669,100,6.864571,11.008587,4.064332,1.424022,0.623565,0.145615,0,577.874907,288.081482,Bankrupted
14.997842,26.528375,4.808706,4.830064,1.198913,1.92615,0.995578,-0.042221,99.925413,85.53366,12.888469,-0.184298,14.624984,-0.794303,33.318787,12.452136,12.452136,0.36449,8.512545,1,-0.366946,115.916514,184.283304,65.635897,Bankrupted
13.842263,26.339612,1.266739,1.266739,2.544519,0.80045,1,0.243414,38.214938,288.497873,481.479454,0.30118,14.463898,-0.421017,22.721954,1.073585,1.073587,1.188867,3.09578,0.999998,-0.034715,117.850255,625.019908,899.339808,Bankrupted
15.23283,38.3538,3.239799,3.325871,0.723852,3.120688,0.974121,-0.123641,171.66614,394.884841,121.032998,0.122699,15.47947,-0.188811,35.847769,4.397309,4.397309,0.729162,3.988451,1,-0.119119,210.121082,219.562664,127.789579,Bankrupted
13.324138,-82.093163,11.149663,11.165419,1.747242,3.236004,0.998589,0.111951,37.570418,43.979762,23.491716,0.002294,13.328725,0.218889,-161.512856,-4.056589,-4.056589,-0.580076,-10.075424,1,-0.321188,330.502788,264.261923,81.796399,Bankrupted
12.920208,66.498853,2.095835,9.45019,8.793342,6.546564,0.221777,0.29798,8.180254,0,0,0.121264,13.163935,-0.637182,99.12727,0.711761,5.659361,10.110135,7.377801,0.125767,0.609281,5.073186,0,8065.209003,Bankrupted
14.737367,3.029591,13.845304,13.845337,1.666012,5.112318,0.999998,0.058795,87.668024,122.286888,47.956521,0.274565,15.300955,0.351211,8.055369,8.402794,8.579168,2.3083,4.37012,0.979442,0.092216,167.41952,36.68991,21.345271,Bankrupted
12.571295,48.953856,26.240844,26.240844,1.530695,4.001903,1,0.04199,10.662499,0,0,0.230288,13.040283,-0.26841,57.782429,20.12837,20.12837,1.884505,6.791334,1,0.011637,21.445337,60.249586,0,Bankrupted
9.729313,5.29695,0.037077,0.037077,7.944681,0,1,0.87038,5186.749599,0,0,0.915855,12.85469,1,24.384268,32.996016,32.996016,1.794666,19.477081,1,0.017879,137.82367,186.865834,22.579622,Bankrupted
13.465346,21.081071,10.608037,10.608037,2.800638,7.645738,1,0.047717,193.380524,118.339951,100.188754,-0.131068,13.201694,1,23.244054,9.541112,9.541112,2.461113,5.635468,1,0.05496,193.67036,67.159884,35.564328,Bankrupted
13.73385,47.577021,5.79044,5.798661,2.672505,3.497864,0.998582,-0.0593,53.082825,252.062398,299.560352,0.010956,13.755763,-1,47.798882,4.736184,4.831395,1.061529,5.628775,0.980293,-0.190645,62.988764,475.325065,565.872465,Bankrupted
16.409273,21.3059,0.257302,-13.532364,24.694009,-83.318366,-0.019014,0.587538,1672.211982,1026.399745,352.171942,-0.078375,16.2522,0.230776,6.23078,0.315688,-5.189651,21.376668,-29.434902,-0.06083,0.526742,1716.115969,931.169862,0,Bankrupted
16.068644,8.840226,-15.864938,-15.10662,-1.100867,-31.531997,1.050198,-0.108848,341.293296,240.89589,6.587773,0.155749,16.382699,1,-36.805629,-14.882265,-13.866985,-1.527576,-63.623296,1.073216,-0.043816,749.263295,270.908288,6.050843,Bankrupted
17.563857,35.068122,0.031532,0.032106,0.969242,0.283199,0.982113,-0.075184,706.076352,2013.784757,153.19427,-0.008626,17.546605,0.207561,60.344209,0.007389,0.007526,0.956577,0.298301,0.981679,-0.08692,3251.105115,18274.89,0,Bankrupted
15.592639,16.976816,0.994032,1.481663,1.098143,1.307193,0.67089,-0.707476,56.924955,43.71254,186.617256,-0.013972,15.564693,0.261077,11.058113,0.989484,1.376402,1.01002,1.310682,0.718891,-0.810885,63.764711,71.728406,183.129076,Bankrupted
14.129636,16.284638,2.36339,2.624813,71.734242,2.162848,0.900403,0.307115,350.795271,79.83003,100.013418,0.093521,14.317227,0.166264,19.592121,2.010871,2.9153,131.182294,2.887412,0.689765,0.340945,354.532102,106.910398,145.445744,Bankrupted
15.459032,20.307586,9.006494,9.558501,1.32266,5.256145,0.94225,-0.220527,104.261199,107.756543,114.461395,0.165772,15.793665,0.037781,22.056377,5.697579,9.975466,2.767914,7.684554,0.571159,-0.065332,120.53701,123.143895,194.273896,Bankrupted
14.651543,13.526339,1.690479,1.690478,1.291937,1.524071,1.000001,-0.363396,85.498077,95.569593,171.659408,0.001294,14.654132,-1,9.242327,1.507482,1.507482,1.29996,1.460177,1,-0.376781,131.540879,78.319891,207.906427,Bankrupted
15.540541,23.104083,0.566878,0.662084,1.675168,1.040971,0.856201,-0.144475,189.876745,170.526049,390.881036,0.001603,15.543748,-1,-59.223597,0.636374,0.83761,1.477466,1.749036,0.75975,-0.250117,302.806815,155.876873,147.304479,Bankrupted
17.04999,22.93,4.61,4.69,3.25,1.53,0.98,0.142637,115,55,13,0.328041,17.731252,-0.032038,23.13,1.46,1.47,6.51,0.52,0.99,0.476146,130,71,16,Non-Bankrupted
10.916415,2.38,7.430792,9.03342,6.307921,5.828191,0.923116,-0.653678,20,100,3,0.304397,11.545131,0.698053,4.46,6.717181,8.380947,10.341332,4.037737,0.86088,-0.300175,18,163,9,Non-Bankrupted
13.4404,12.55,2.04,2.04,3.69,0.28,1,0.571875,246.97897,5446.683763,90,0.019386,13.479177,0.62661,17.62,1.97,1.99,3.5,0.28,0.99,0.564122,240.255592,577.874907,77,Non-Bankrupted
11.565546,93.13,1.48,1.48,16.64,1.13,1,0.43642,268,3616,2323,0.165911,11.900464,0.069082,97.21,1.85,1.85,29.45,1.47,1,0.380086,299,7375,4102,Non-Bankrupted
15.206958,11.83,0.31,0.39,1.08,0.63,0.81,0.056956,124,417,166,0.008184,15.223326,0.953927,31.51,0.26,0.39,1.39,0.55,0.67,0.266454,147,69,282,Non-Bankrupted
12.137092,25.208568,0.03,0.03,24.45,5.828191,1,0.958917,246.97897,5446.683763,184.373027,0,12.137092,0,24.39895,0.03,0.03,24.45,4.037737,1,0.958917,240.255592,577.874907,288.081482,Non-Bankrupted
14.39767,50.05,3.86,3.87,5.95,3.27,1,0.150847,344,189,184.373027,0.089014,14.57617,-0.565157,34.33,2.44,2.44,2.31,1.96,1,0.086461,261,168,288.081482,Non-Bankrupted
16.333511,13.97,2.78,2.82,8.27,2.15,0.99,0.18059,317,212,33,0.05176,16.437124,1,19.5,0.7,1.71,25.11,1.86,0.41,0.500658,319,21,54,Non-Bankrupted
16.42307,25.68,0.29,0.29,18.53,0.09,1,0.014448,98,77,42,-0.044508,16.333994,-0.559923,23.94,0.36,0.36,21.02,0.06,1,0.026673,23,11,62,Non-Bankrupted
14.636128,17.67,23.24,26.04,3.32,11.16,0.89,0.062943,117,102,53,0.006606,14.64934,0.431295,17.73,19.05,19.52,8.8,7.28,0.98,0.108596,103,71,45,Non-Bankrupted
15.35182,6.79,5.41,6.3,40.55,2.13,0.86,0.362783,66,97,58,-0.147141,15.055386,0.476205,10.22,6.95,8.25,52.14,1.24,0.84,0.519509,32,19,36,Non-Bankrupted
14.569778,37.71,81.88,81.87,0.62,95.49,1,-0.011289,210,454,323,-0.064873,14.439849,-0.00555,47.47,27.21,57.1,1.26,83.74,0.48,-0.000536,187,751,598,Non-Bankrupted
14.015868,45.28,1.22,1.63,0.78,1.24,0.75,-0.197244,14,321,184.373027,0.014268,14.044407,-0.715769,33.9,1.14,1.47,0.88,1.11,0.77,-0.109767,15,270,288.081482,Non-Bankrupted
14.653429,36.82,1.57,1.61,1.99,0.54,0.98,0.327918,172,58,8,0.097796,14.849648,0.153974,41.47,1.15,1.17,2.92,0.33,0.98,0.500591,198,59,30,Non-Bankrupted
14.839568,22.42,0.92,0.97,1.71,0.24,0.95,0.347642,188,43,18,0.143561,15.128687,0.530583,35.39,1.18,1.22,1.72,0.25,0.97,0.346695,162,39,16,Non-Bankrupted
16.031355,23.97,1.7,1.71,2.18,0.74,0.99,0.312788,155,89,120,0.041479,16.114362,-0.80552,15.63,1.32,1.32,1.95,0.98,1,0.245314,232,102,184,Non-Bankrupted
13.895047,9.19,40.24,40.24,1.45,9.65,1,0.025859,60,93,30,0.147726,14.192677,-0.27905,9.92,88.41,88.41,0.83,30.18,1,-0.008915,91,120,32,Non-Bankrupted
11.819741,15.77,3.6,3.6,8.43,1.08,1,0.404683,86,41,30,0.09135,12.002952,-0.074765,15.07,3.44,3.44,6.51,1.5,1,0.324683,120,44,20,Non-Bankrupted
15.166849,16.36,2.77,2.77,9.93,1.01,1,0.431058,234,85,184.373027,-0.361557,14.409496,-1,26.57,8.59,8.64,2.32,4.21,0.99,0.071776,151,208,288.081482,Non-Bankrupted
13.413584,0,0.01,0.01,1.02,0.01,1,0.020926,246.97897,5446.683763,184.373027,0.001415,13.416414,0.212132,0,0,0,1.03,0.01,1,0.02981,240.255592,577.874907,288.081482,Non-Bankrupted
12.538207,39.22,1.62,1.62,0.43,2.23,1,-0.408913,129,864,45,-0.093539,12.35058,-1,11.57,2.11,2.11,0.47,1.68,1,-0.428397,56,334,17,Non-Bankrupted
14.541795,29.19,35.48,35.48,1.18,12.06,1,0.004837,11,161,119,0.036727,14.615281,0.080038,31.37,17.97,17.97,3.46,5.57,1,0.101122,14,150,119,Non-Bankrupted
15.300688,31.86,6.69,6.69,0.93,4.45,1,-0.015173,188,172,76,-0.001275,15.298138,0.508972,33.55,7.28,7.28,1.05,4.45,1,0.005903,178,131,61,Non-Bankrupted
15.25076,45.49,0.72,0.74,3.52,0.53,0.97,0.47754,52,144,990,0.001029,15.252819,0.001108,46.07,0.88,0.89,3.46,0.51,0.99,0.471332,61,80,747,Non-Bankrupted
15.716996,13.97,2.63,2.86,0.84,2.02,0.92,-0.068102,73,137,170,0.11818,15.954466,-0.314455,12.45,1.7,2.01,0.83,1.86,0.84,-0.085742,104,183,158,Non-Bankrupted
15.388187,12.9,30.6,35.91,5.7,17.85,0.85,0.050835,150,119,35,-0.041958,15.304223,-0.763716,11.32,23.97,27.89,1.46,15.3,0.86,0.021889,146,113,50,Non-Bankrupted
15.412343,24.43,6.39,8.57,0.13,20.29,0.75,-0.433834,271,115,92,0.01765,15.447647,0.919293,28.7,6.19,6.21,0.1,19.91,1,-0.421718,273,226,112,Non-Bankrupted
13.954661,15.8,4.29,5.02,1.39,4.37,0.85,0.057426,0,0,37,0.153138,14.263366,-0.074516,15.32,6.06,7.35,1.17,6.64,0.82,0.020448,271,151,38,Non-Bankrupted
15.528414,29.49,7.59,8.49,0.99,3.9,0.89,-0.009017,90,93,85,0.067456,15.663531,0.074942,20.39,4.04,5.76,0.82,4.19,0.7,-0.069321,139,94,87,Non-Bankrupted
15.451607,18.84,3.4,3.59,1.07,1.87,0.95,0.025316,154,85,19,0.077138,15.60619,0.149897,16.46,3.43,4.57,1.54,2.12,0.75,0.150162,122,62,20,Non-Bankrupted
15.542377,23.54,13.02,13.02,20.97,12.85,1,0.068291,298,225,73,-0.012674,15.517027,-0.22427,22.79,10.57,10.57,43.28,12.95,1,0.069497,371,258,97,Non-Bankrupted
15.953653,26.74,5.66,6.01,0.66,2.27,0.94,-0.189776,39,93,38,0.035789,16.025261,0.046534,26.68,3.76,5.18,0.86,2.01,0.73,-0.097329,55,94,34,Non-Bankrupted
14.703808,37.52,2.55,2.55,1.02,1.33,1,0.003702,163,229,21,0.350394,15.435594,-1,36.55,1.5,1.5,2.23,0.88,1,0.287127,222,260,8,Non-Bankrupted
15.487443,25.49,0.92,0.94,1.81,0.89,0.98,0.239739,93,103,168,-0.048218,15.390932,-1,8.47,0.95,0.95,1.88,0.99,1,0.21437,103,111,167,Non-Bankrupted
15.731878,29.22,0.75,0.92,1.46,1.14,0.81,0.18216,259,199,349,0.090783,15.913944,0.468981,26.72,0.98,1.15,1.37,1.4,0.85,0.130375,253,151,274,Non-Bankrupted
15.613525,18.36,11.2,12.76,14.73,17.48,0.88,0.057473,168,302,339,0.105195,15.824697,-0.376785,24.03,6.76,7.7,26.94,21.82,0.88,0.048007,536,678,620,Non-Bankrupted
16.261987,14.03,88.8,240.21,1.69,127.24,0.37,0.00433,138,166,184.373027,-0.055437,16.151,-0.007402,13.84,68.59,176.76,2.79,83.64,0.39,0.015385,93,155,288.081482,Non-Bankrupted
16.337165,10.75,5.36,5.55,0.4,9.21,0.97,-0.150211,254,172,222,-0.249252,15.827935,-0.65838,-5.99,0,0,0,0,0,-0.444835,156,137,31,Non-Bankrupted
15.326028,8.42,1.54,1.86,1.01,1.11,0.83,0.000883,138,100,15,0.179214,15.688368,0.562615,11.77,1.59,1.99,0.77,1.54,0.8,-0.147844,148,144,13,Non-Bankrupted
15.196056,13.61,1.58,1.61,1.63,0.68,0.99,0.232835,112,128,103,0.106319,15.409502,0.454851,17.82,1.45,1.7,1.96,0.83,0.85,0.315029,125,140,109,Non-Bankrupted
16.07431,26.99,2,2.01,15.89,0.26,1,0.745644,105,52,96,0.021181,16.116678,-0.49823,28.63,1.51,1.52,17.25,0.22,1,0.777101,118,58,138,Non-Bankrupted
13.165808,95.11,0.66,0.66,3.42,0.06,1,0.668325,205,392,3690,0.119582,13.406122,-0.051584,95.27,0.46,0.46,4.23,0.06,1,0.721325,231,141,5130,Non-Bankrupted
14.712905,36.71,7.34,7.4,4.45,4.89,0.99,0.13248,228,164,61,0.055782,14.824585,-0.033386,43.87,6.06,6.06,4.55,4.52,1,0.141083,247,68,120,Non-Bankrupted
15.126446,40.15,17.06,17.06,0.76,6.04,1,-0.121305,81,168,184.373027,0.30024,15.746013,-0.608644,24.85,33.39,33.39,0.95,13.14,1,-0.047149,115,140,288.081482,Non-Bankrupted
16.762412,100,0,0,101.31,0,1,0.448368,85,5446.683763,184.373027,0.056025,16.874579,-0.975844,0,0,0,143.16,0,1,0.215509,0,577.874907,288.081482,Non-Bankrupted
14.330901,22.21,9.35,9.35,0.49,6.86,1,-0.188736,89,104,130,0.146439,14.625901,-0.457055,24.68,11.43,13.09,0.25,13.47,0.87,-0.305498,88,135,128,Non-Bankrupted
11.415599,53.53,17.4,17.4,7.02,2.26,1,0.264533,7,34,8,0.103237,11.622811,0.496601,59.34,9.2,9.2,5.19,0.96,1,0.412131,13,37,15,Non-Bankrupted
15.753237,33.7,5.31,5.39,0.73,2.83,0.98,-0.134669,58,62,92,0.204902,16.168926,0.456087,33.15,2.93,3.06,1.21,1.92,0.96,0.035737,100,43,169,Non-Bankrupted
14.476195,36.06,0.21,0.24,1.08,0.26,0.87,0.065595,225,32,184.373027,0.00624,14.488675,0.004797,26.22,0.39,0.44,2.36,0.22,0.9,0.468774,505,8,288.081482,Non-Bankrupted
16.429839,58.7,0.64,0.64,1.05,0.54,1,0.027969,319,551,31,0.379327,17.228386,-1,73.17,0.39,0.39,0.84,0.5,1,-0.126415,272,1140,41,Non-Bankrupted
18.002474,0,0.05,0.05,1.07,1.55,1,-0.581426,246.97897,5446.683763,184.373027,-0.005575,17.991323,-0.338207,0,0,0,2.67,0.01,1,0.003303,240.255592,577.874907,288.081482,Non-Bankrupted
15.08441,15.62,2.71,2.96,0.84,1.24,0.91,-0.096712,58,70,42,0.330538,15.771274,-0.401775,11.65,2.81,3.42,0.86,3.18,0.82,-0.049934,161,36,134,Non-Bankrupted
17.023476,47.22,1.89,1.89,0.9,1.29,1,-0.052773,132,322,25,0.059433,17.142483,-1,35.86,3.7,3.76,0.53,2.17,0.98,-0.298809,86,203,8,Non-Bankrupted
12.362204,27.69,1.3,1.3,12.25,0.38,1,0.667248,70,115,380,0.267702,12.910978,0.395002,25.85,1.53,1.53,11.16,1.34,1,0.385441,91,261,564,Non-Bankrupted
12.836658,100,1.87,2.12,30.01,0.66,0.88,0.641398,201,5446.683763,184.373027,0.012462,12.861583,-0.172879,100,1.47,1.67,44.82,0.35,0.88,0.80732,221,577.874907,288.081482,Non-Bankrupted
15.89705,10.31,1.65,1.65,1.4,0.54,1,0.184612,123,35,63,-0.022798,15.851446,-1,6.58,1.75,1.76,1.39,0.63,1,0.171293,116,22,77,Non-Bankrupted
15.57997,22.01,0.37,0.37,1.34,0.28,0.98,0.203822,89,135,528,0.040941,15.661898,0.095465,17.68,0.44,0.45,1.3,0.41,0.98,0.168853,102,172,454,Non-Bankrupted
15.629202,17.95,8.97,9.25,1.75,4.71,0.97,0.076634,123,75,50,0.152069,15.935717,-0.003038,17.04,6.27,6.28,1.99,4.13,1,0.048483,172,81,93,Non-Bankrupted
15.869582,16.08,1.84,2.81,0.86,2.92,0.65,-0.108083,171,68,86,0.083555,16.037082,-1,7.16,2.84,3.82,0.45,5.28,0.74,-0.292893,250,131,44,Non-Bankrupted
14.051179,26.4,47.23,47.23,0.68,16.17,1,-0.050563,111,136,184.373027,0.101442,14.254764,-0.549548,26.48,53.63,53.63,0.88,19.11,1,-0.025781,109,165,288.081482,Non-Bankrupted
11.324002,35.37,4.38,4.38,6.87,3.51,1,-0.277828,109,280,30,-0.124178,11.074358,0.260834,39.38,6.12,6.12,12.5,2.28,1,-0.310097,28,118,12,Non-Bankrupted
14.487084,13.65,17.87,23.72,37.9,13.1,0.75,0.091452,175,146,47,0.024523,14.53614,0.011168,12.09,6.73,26.03,48.42,12.6,0.26,0.278247,162,111,30,Non-Bankrupted
14.339627,10.32,6.22,6.22,0.05,19.17,1,-0.862066,24,1249,15,0.046512,14.432719,-0.995614,-39.83,1.34,1.34,0.08,14.79,1,-0.740123,140,2863,0,Non-Bankrupted
15.070118,30.28,4.75,5.32,3.16,4.39,0.89,0.141738,40,143,24,0.093198,15.257057,-0.121465,18.14,3.58,4,3.95,4.35,0.89,0.155894,40,249,13,Non-Bankrupted
12.822379,42.63,5.2,5.2,0.58,1.28,1,-0.456245,0,49,184.373027,0.366005,13.589983,-0.802051,28.93,0.28,0.28,2.72,0.45,1,0.27315,12,320,288.081482,Non-Bankrupted
11.422891,-0.6,0.9,0.9,0,1.3,1,0.437685,307,368,592,0.061752,11.546554,1,100,1,1,0,1.2,1,0.454458,11,0,0,Non-Bankrupted
10.288784,16.01,7.61,7.66,0,0.66,0.99,0.612224,2,23,82,0.003238,10.295259,-1,12.99,8.3,8.39,0,1.29,0.99,0.439308,2,61,107,Non-Bankrupted
13.860505,2.04,18.17,18.17,0.45,6.59,1,-0.161564,112,105,184.373027,0.190716,14.246664,1,8.21,33.91,34.26,0.32,8.72,0.99,-0.247558,61,69,288.081482,Non-Bankrupted
12.812444,33.25,32.07,32.07,0.45,13.37,1,-0.084526,47,115,88,0.0955,13.004028,-0.596482,24.17,20.97,20.97,0.72,16.14,1,-0.024764,76,253,202,Non-Bankrupted
12.258997,31.4,4.17,4.25,2.31,2.38,0.98,0.170721,113,203,34,0.088313,12.436085,0.361147,30.43,5.18,5.4,8.43,2.81,0.96,0.234385,200,199,25,Non-Bankrupted
13.288591,42.71,3.18,3.18,7.15,3.53,1,0.174452,65,518,731,0.059441,13.407613,-1,44.69,2.02,2.02,3.21,4.6,1,0.109767,70,887,1530,Non-Bankrupted
12.601073,63.48,1.53,1.53,1.15,0.88,1,0.064,151,567,0,0.143757,12.890593,-1,-6.26,2.5,2.5,0.61,2.07,1,-0.21182,166,226,7,Non-Bankrupted
14.607427,13.56,74.58,74.58,0.07,31.98,1,-0.417644,23,140,48,0.468833,15.624575,-0.107712,12.31,0,0,0,0,0,-0.203776,14,275,179,Non-Bankrupted
11.727755,29.66,2.3,2.3,4.04,0.56,1,0.459807,24,123,74,0.159964,12.050453,0.383929,20.62,3.98,3.98,8.49,0.88,1,0.455669,36,49,32,Non-Bankrupted
11.564483,29.51,0.24,0.24,0.38,6.06,1,-0.750302,675,9402,184.373027,0.124698,11.815183,1,96.65,0.63,0.63,2.03,0.92,1,-0.140438,338,10127,288.081482,Non-Bankrupted
14.866475,22.88,0.27,0.27,0.98,0.41,1,-0.019578,180,693,27,0.284204,15.450974,-0.547116,0.71,0.26,0.26,0.83,0.51,1,-0.144783,175,371,25,Non-Bankrupted
13.383538,9.45,3.75,3.75,0.64,3.14,1,-0.137086,175,217,8,0.509115,14.506606,0.675241,18.09,7.02,7.02,0.61,8.68,1,-0.067138,407,71,1,Non-Bankrupted
15.060751,43.67,1.39,1.39,1.33,0.8,1,0.140194,237,266,184.373027,0.205151,15.47696,-0.294666,39.64,1.84,1.84,1.83,1.31,1,0.196319,349,317,288.081482,Non-Bankrupted
12.312894,13.69,6.92,6.92,31.95,2.77,1,0.256126,27,155,61,-0.00487,12.303154,-0.300607,18.63,4.16,4.16,26.27,2.72,1,0.254095,32,272,146,Non-Bankrupted
13.997759,31.58,1.24,1.25,0.86,0.68,0.99,-0.117509,38,135,35,0.100287,14.19901,-1,16.01,0.82,0.82,0.84,1.13,0.99,-0.108354,107,364,192,Non-Bankrupted
12.017361,47.5,15.43,15.43,1.19,6.48,1,0.012077,137,251,21,0.095319,12.20858,-0.21374,39.85,10.69,10.69,1.71,6.99,1,0.044887,229,333,17,Non-Bankrupted
13.743471,22.57,5.83,5.83,0.77,4.01,1,-0.062332,84,174,52,0.298154,14.358455,1,32.39,5.86,5.86,1.55,4.52,1,0.062752,75,249,320,Non-Bankrupted
11.635019,12.86,0.25,0.25,1.58,0.04,1,0.354026,55,66,184.373027,-0.381914,10.830421,0.07371,61.49,0.06,0.06,2.31,0,1,0.57386,0,0,288.081482,Non-Bankrupted
16.691797,0,0.02,0.02,2.57,0.01,1,0.603665,246.97897,5446.683763,184.373027,0.389454,17.51411,-0.230113,0,0.01,0.01,1.78,0,1,0.435793,240.255592,577.874907,288.081482,Non-Bankrupted
13.679207,27.58,1.25,1.25,20.25,0.81,1,0.524881,246.97897,5446.683763,667,-0.047637,13.583861,0.155507,23.97,1.09,1.09,28.89,0.49,1,0.649249,240.255592,577.874907,595,Non-Bankrupted
15.057077,26.28,1.69,1.69,1.19,2.16,1,0.048829,3,326,668,-0.094412,14.867688,-1,-4.16,1.92,1.92,1.03,1.99,1,0.009079,6,150,349,Non-Bankrupted
14.959147,39.31,1.71,1.72,1.69,1.17,0.99,0.186734,114,0,308,0.120561,15.201448,1,48.07,1.17,1.18,2.86,0.76,0.99,0.369382,206,0,384,Non-Bankrupted
14.766651,12.28,5.78,5.78,0.93,1.75,1,-0.0282,59,56,33,0.239427,15.254984,0.936642,14.09,8.18,8.66,1.06,2.66,0.94,0.016594,60,62,28,Non-Bankrupted
17.73013,22.26,0.21,0.25,1.14,0.49,0.84,0.03094,365,208,27,0.085622,17.901794,0.142357,24.79,0.26,0.32,1.19,0.7,0.8,-0.064619,227,39,61,Non-Bankrupted
14.040848,10.56,2.13,2.13,1.37,0.18,1,0.228299,13,19,35,0.07389,14.188897,0.222566,12.25,2.23,2.23,1.43,0.29,1,0.228548,15,22,26,Non-Bankrupted
16.277987,27.17,2.5,2.62,1.92,1.98,0.95,0.165504,203,175,94,0.001771,16.281529,-0.872049,19.16,2.36,2.45,2,2.03,0.96,0.165004,213,176,88,Non-Bankrupted
16.007338,17.45,1.05,1.05,1.24,0.84,1,0.101211,154,254,261,-0.007295,15.992749,-0.793613,15.48,1.06,1.06,1.15,0.81,1,0.07062,139,184,182,Non-Bankrupted
15.875201,28.23,2.02,2.02,1.77,0.6,1,0.273218,91,80,133,-0.019486,15.836224,-0.716055,19.11,1.59,1.59,1.72,0.54,1,0.272412,90,87,158,Non-Bankrupted
14.378253,68.39,2.81,2.84,6.52,1.69,0.99,0.308747,112,106,324,0.296688,14.990022,0.315052,72.32,1.93,4.02,13.98,3.7,0.48,0.371691,131,250,550,Non-Bankrupted
14.597912,12.92,1.01,1.01,0.73,0.83,1,-0.203044,38,70,142,-0.026215,14.545471,0.674278,18.46,1.13,1.13,0.97,0.38,1,-0.02506,62,50,42,Non-Bankrupted
15.558559,24.81,1.82,2.04,1.61,1.18,0.89,0.114791,85,97,142,-0.029267,15.500009,0.21017,25.22,1.81,2,1.83,0.96,0.9,0.171251,76,59,148,Non-Bankrupted
