SIZE-3year,GR-PROFIT-MARGIN-3year,CAPITAL-EMPLOYED-TURNOVER-3year,STOCKHOLDERS-EQUITY-TURNOVER-3year,CAPITAL-EMPLOYED/NET-FIXED-ASSETS-3year,DEBT/EQUITY-3year,EQUITY/CAPITAL-EMPLOYED-3year,WORKING-CAPITAL/TOTAL-ASSETS-3year,AV-COLLECTION-PERIOD-FOR-RECIEVABLES-3year,AV-PAYMENT-PERIOD-3year,AV-TURNOVER-PERIOD-FOR-INVENTORIES-3year,SCALED-CHANGE-ASSETS-2year,SIZE-2year,CH.NET-INCOME-2year,GR-PROFIT-MARGIN-2year,CAPITAL-EMPLOYED-TURNOVER-2year,STOCKHOLDERS-EQUITY-TURNOVER-2year,CAPITAL-EMPLOYED/NET-FIXED-ASSETS-2year,DEBT/EQUITY-2year,EQUITY/CAPITAL-EMPLOYED-2year,WORKING-CAPITAL/TOTAL-ASSETS-2year,AV-COLLECTION-PERIOD-FOR-RECIEVABLES-2year,AV-PAYMENT-PERIOD-2year,AV-TURNOVER-PERIOD-FOR-INVENTORIES-2year,SCALED-CHANGE-ASSETS,SIZE,CH.NET-INCOME,GR-PROFIT-MARGIN,CAPITAL-EMPLOYED-TURNOVER,STOCKHOLDERS-EQUITY-TURNOVER,CAPITAL-EMPLOYED/NET-FIXED-ASSETS,DEBT/EQUITY,EQUITY/CAPITAL-EMPLOYED,WORKING-CAPITAL/TOTAL-ASSETS,AV-COLLECTION-PERIOD-FOR-RECIEVABLES,AV-PAYMENT-PERIOD,AV-TURNOVER-PERIOD-FOR-INVENTORIES,final
17.048357,11.394002,8.553323,9.782489,0.545139,22.955679,0.87435,-0.338667,431.196373,307.433926,59.958526,-0.163349,16.718705,-0.332261,0.007019,4.437544,5.073205,1.765993,16.508362,0.874702,0.0109,698.486763,326.597359,0,0.044032,16.806825,-1,11.866386,2.799876,3.518541,1.096791,35.151696,0.795749,-0.024809,2233.510199,939.705106,0,Bankrupted
17.777371,5.022056,0.405121,0.405121,1.33546,0.676128,1,0.073301,61.828454,134.429902,365.416021,0.028336,17.834058,-0.472987,20.121869,0.455641,0.500191,1.125059,0.804943,0.910933,0.008382,50.308317,276.608621,366.879367,-0.097722,17.637988,-1,-48.85333,1.839697,2.402629,0.459472,3.115523,0.765702,-0.494313,33.63748,129.110164,45.74953,Bankrupted
11.855231,6.372713,2.939412,2.939412,50.054526,2.089913,1,0.192623,188.64515,29.310724,109.392223,0.319564,12.517553,1,17.366526,1.585416,1.585427,378.147222,1.050186,0.999993,0.427538,283.190442,195.587902,89.918697,0.329882,13.202946,-1,-0.0022,3.957503,3.957503,41.107373,3.725991,1,0.171188,359.852652,317.255876,17.197103,Bankrupted
13.911165,16.481641,5.661395,5.66136,13.304319,6.360569,1.000006,0.101952,357.85015,239.631257,0,0.036113,13.983422,0.298251,20.036991,5.801234,5.801234,12.686171,6.682304,1,0.0906,271.614982,288.64375,0,0.061063,14.1057,0.040065,18.059403,7.060798,7.060798,20.41947,7.691993,1,0.082127,310.991454,204.567157,0,Bankrupted
14.93396,24.877081,6.295984,6.295984,0.855904,5.916377,1,-0.079627,232.387033,173.791784,58.048552,0.054719,15.043507,-1,20.175692,7.068596,7.068596,0.731521,7.849565,1,-0.118476,241.826172,183.83576,57.286862,-0.276377,14.475997,-0.639322,18.531964,7.523031,7.523004,0.54607,8.236416,1.000004,-0.277293,70.555791,167.958195,16.684478,Bankrupted
13.742265,38.30736,6.122324,6.122324,0.526064,5.637259,1,-0.283839,11.847126,245.600517,0,0.298616,14.358264,-0.351794,38.871929,5.691649,5.691612,0.448397,10.406871,1.000006,-0.218278,240.975998,418.328223,0,0.218348,14.802105,0.666632,26.818378,4.986072,4.986072,1.10773,7.350602,1,-0.083698,154.362275,133.216637,0.132322,Bankrupted
15.120019,19.436701,6.702978,6.702978,63.768465,5.352133,1,0.14074,311.93363,29.927636,32.670675,-0.083622,14.952385,0.492204,15.358261,5.249375,5.249375,79.280127,4.257412,1,0.173942,325.460627,42.927935,30.399356,-0.147615,14.654982,-0.830522,16.867642,3.569876,3.569876,78.698348,3.229296,1,0.217872,340.370536,100.0506,62.573339,Bankrupted
15.462392,41.984756,2.929238,3.444128,8.899379,5.071541,0.850502,0.14212,395.909792,202.877588,176.986379,0.15242,15.769626,-0.092149,40.912899,1.521273,2.597673,3.298102,4.512769,0.585629,0.193179,457.892816,349.874337,209.189855,0.10167,15.97367,-0.74118,40.42654,1.577128,2.732517,5.362489,5.781083,0.57717,0.194968,481.964038,410.512005,345.176656,Bankrupted
14.943006,33.950649,3.966549,4.106046,0.779867,2.934025,0.966026,-0.133341,165.18892,26.032529,63.566507,0.12061,15.185406,0.071923,33.99743,1.157388,4.548146,2.461724,3.332498,0.254475,0.458061,151.134198,27.905173,70.471505,0.05871,15.302961,0.072768,45.00004,1.363436,4.465093,1.462437,3.3467,0.305355,0.110541,104.574897,122.932477,91.156707,Bankrupted
18.084061,-71.787466,0.021042,0.038628,2.817719,1.143367,0.544736,0.521513,2089.152419,1686.274746,771.431076,-0.007257,18.069546,0.941226,38.746819,0.031585,0.058735,2.873073,1.186579,0.537763,0.520988,1920.420588,1359.942155,122.140436,-0.00695,18.055646,-0.742006,59.534723,0.034124,0.064885,2.818139,1.258966,0.525912,0.510865,1717.897799,1794.886759,0,Bankrupted
13.230511,35.94596,4.856537,4.856537,11.194818,2.30425,1,0.162662,92.735684,83.133184,207.570069,-0.029863,13.170767,-0.37158,39.697183,3.782499,3.782499,11.901943,2.161782,1,0.152859,47.500611,151.890258,344.702904,0.052302,13.275467,-0.10193,26.920705,6.163343,6.163302,10.240681,3.064717,1.000007,0.089763,49.711115,106.069056,231.85554,Bankrupted
15.388187,12.896481,30.602346,35.911546,5.438206,18.30931,0.852159,0.040169,149.678066,118.856837,34.535917,-0.041958,15.304223,-0.763716,11.324379,23.974922,27.886343,1.44099,15.394469,0.859737,-0.00044,145.821202,112.672155,49.780574,-0.026838,15.250534,-0.083939,15.864349,25.699742,39.021938,0.856295,30.263555,0.658597,-0.046815,190.139251,152.967115,79.066417,Bankrupted
14.109318,14.424671,14.855561,23.572844,1.091871,10.007714,0.630198,-0.114328,53.698296,112.57553,13.234921,0.04054,14.190443,-0.368936,13.161186,12.678043,19.050455,1.137725,10.728184,0.665498,-0.116016,64.511445,131.37626,37.984038,0.127667,14.447179,0.02067,14.396015,14.648314,21.888088,0.984826,17.348561,0.669237,-0.110024,49.97474,205.500668,124.662847,Bankrupted
13.071884,32.754268,2.835608,3.47904,15.876748,3.27797,0.815055,0.195224,156.132533,82.167819,189.919963,-0.169294,12.730005,0.248795,36.139887,3.256077,3.256077,19.685135,1.980801,1,0.203176,184.573086,47.363488,209.65986,-0.129756,12.469021,-1,36.878267,2.57363,2.57363,29.755402,1.79623,1,0.179972,116.070412,121.807768,404.093038,Bankrupted
15.228073,16.067266,12.067761,12.185461,3.030303,7.885534,0.990341,0.064954,177.640218,162.310664,35.104031,-0.05603,15.115895,-0.366442,16.621275,6.489272,6.489272,4.433202,4.24026,1,0.134319,197.891763,174.499104,42.456243,0.010692,15.13728,-0.01126,15.855079,6.12188,6.12188,0.397144,4.107779,1,-0.315342,84.839417,177.718787,61.927489,Bankrupted
15.929209,10.659605,1.459117,7.77549,1.783445,40.465741,0.187656,-0.479804,380.865389,18.569982,655.503363,0.096603,16.123019,-0.642561,14.927649,5.350601,-3.009944,2.73717,-25.912455,-1.777641,-0.283878,409.974729,40.637416,1371.448474,-0.109738,15.902656,1,16.599452,6.71598,-3.112308,2.148559,-21.664565,-2.157878,-0.365126,551.265686,51.239871,903.791024,Bankrupted
15.71231,35.849503,0.808673,0.929762,1.815936,1.009124,0.869764,0.149248,214.213489,128.226445,374.977436,0.053067,15.818543,-0.535308,34.404367,1.023917,1.111833,1.625469,1.238371,0.920927,0.029933,203.760303,110.302357,388.926834,0.064009,15.946737,0.057805,33.431501,1.281088,1.390291,1.471978,1.827701,0.921453,-0.069869,253.48319,107.966642,333.453022,Bankrupted
14.219207,7.172148,20.604506,21.139379,3.711184,7.645507,0.974698,0.024764,48.132857,6.973097,37.130655,0.05414,14.327593,-0.354457,6.254954,24.43939,24.43939,34.313266,12.747351,1,0.000742,96.14272,16.724244,33.662474,0.05906,14.44585,0.142089,5.322048,37.706175,37.706175,34.480789,22.431546,1,-0.031492,110.817918,62.944129,47.317101,Bankrupted
12.148851,15.448807,-11.338067,-9.061035,-0.517687,-11.793217,1.251299,-0.675704,0,0,101.821508,0.213624,12.582782,-0.014053,10.864643,-4.680689,-4.680689,-1.013289,-9.253851,1,-0.681845,0,0,127.362572,-0.049288,12.484125,0.105749,14.818981,-7.262078,-7.262078,-1.477457,-6.536781,1,-0.884374,0,0,68.625226,Bankrupted
14.21983,24.827902,5.378844,5.378844,0.737521,2.183476,1,-0.369064,83.325448,85.034998,0,0.107967,14.436608,1,18.962282,8.753712,8.753712,0.466091,4.616372,1,-0.375104,104.676403,61.752792,0,0.007266,14.451141,-1,11.761252,13.094155,13.094104,0.360503,7.365957,1.000004,-0.463801,121.094589,70.58312,0,Bankrupted
19.309802,2.965355,0.073897,11.368387,1.063672,155.067102,0.0065,0.002331,90.904104,52.592845,256.39776,0.021404,19.352618,0.51501,1.257706,0.115597,-4.280004,1.055353,-38.640748,-0.027009,-0.022204,35.581885,39.928354,197.031861,-0.00926,19.334098,0.080371,-0.225535,0.138056,-4.851997,1.0349,-31.330561,-0.028454,-0.05652,37.359782,52.487479,120.636586,Bankrupted
14.715864,14.908827,3.825538,3.825538,1.106286,3.837996,1,0.003016,237.737177,245.101349,15.257944,0.332519,15.407179,1,17.883614,3.678333,3.678333,0.534423,5.049908,1,-0.16013,333.06649,292.009688,46.979403,0.255992,15.930809,0.306365,16.003041,5.747519,5.747519,0.543018,9.605189,1,-0.097058,436.138449,283.65342,20.371514,Bankrupted
15.182899,3.265915,37.6616,57.30431,5.915511,7.699829,0.657221,-0.022451,18.133152,40.040302,13.531381,0.191267,15.570202,0.212376,2.9493,76.252703,121.758284,3.724716,12.350644,0.626263,-0.044199,19.737245,33.056895,12.004339,-0.117611,15.333887,-0.147775,3.048152,72.387198,72.387198,3.543423,5.707758,1,-0.068555,12.814245,15.66569,17.670593,Bankrupted
14.363132,30.070256,8.529159,8.529159,19.982467,6.969063,1,0.120952,18.838792,139.734664,294.408036,0.282998,14.945008,-0.427305,30.785286,8.758694,8.758694,6.386107,13.534822,1,0.055588,30.977222,378.102394,621.273404,0.216745,15.385485,0.552699,37.044537,1.98192,10.566371,3.06454,20.517293,0.187569,0.162241,70.917708,497.208034,851.82461,Bankrupted
16.244218,4.904213,0.462587,0.900342,0.854251,1.430892,0.51379,-0.189309,134.333736,191.126574,88.745267,-0.017589,16.209037,-0.181162,1.576787,0.481656,0.993714,0.699381,2.072943,0.484703,-0.279966,127.353978,319.055745,112.837795,-0.06176,16.08536,0.021976,-11.754715,0.835104,2.384179,0.632585,3.612912,0.350269,-0.450285,115.625385,222.83615,35.30447,Bankrupted
15.919981,27.008409,0.32309,0.410879,1.042048,0.658483,0.786338,-0.0838,336.470161,274.149436,30.104752,0.032927,15.985858,-0.551753,23.054927,0.279611,0.350356,1.127491,0.714762,0.798075,-0.07872,593.046197,426.742376,16.370886,-0.075696,15.834176,-1,-44.876211,0.106658,0.136182,1.093184,0.674049,0.783199,-0.18728,1284.082271,380.356478,17.61542,Bankrupted
14.796652,12.759217,13.37258,13.37258,1.248299,2.842749,1,0.053477,55.635114,68.178439,12.90706,-0.019204,14.758238,-1,17.150348,17.663152,17.663152,1.089297,3.728207,1,-0.031942,49.096728,80.285788,18.813417,0.027945,14.814142,-0.525754,16.735781,69.770723,69.771266,0.337672,20.990404,0.999992,-0.185884,59.426457,106.123186,24.768518,Bankrupted
11.563343,58.625911,5.041098,5.041098,0.607574,1.88611,1,-0.356581,0,292.17287,11.338217,0.07596,11.715556,0.415093,63.934909,2.919553,2.919553,1.16402,1.21191,1,-0.131927,4.297045,318.487098,9.026637,0.088855,11.893736,-1,60.602894,3.410206,3.410293,0.771295,3.050727,0.999975,-0.247084,5.551807,651.714594,16.511707,Bankrupted
16.029913,95.891219,0.029437,0.029437,0.738583,1.076538,1,-0.171298,6421.704102,706662.6066,438.209598,0.001561,16.033035,0.543924,34.336427,0.044018,0.044017,0.714239,1.195179,1,-0.222372,5153.94344,15073.2219,0,-0.216431,15.593218,1,100,0.02069,0.02069,0.726288,0.388893,1,-0.272055,173.690998,360.628841,199.041768,Bankrupted
11.669031,33.575171,7.295604,7.295604,4.184411,5.791742,1,0.037914,117.613984,221.530605,14.021845,0.154653,11.980839,0.543325,58.7837,16.003464,16.003464,5.281344,11.378067,1,-0.002261,33.786486,263.262099,53.416091,0.050695,12.082316,0.067735,74.108142,15.435711,15.435711,1.75204,12.789811,1,-0.078498,37.560653,482.463693,66.379668,Bankrupted
12.385001,22.47347,10.713602,11.319859,1.751444,3.466723,0.946443,-0.046194,17.306926,101.2221,0,-0.237685,11.900362,0.431669,100,6.864571,11.008587,4.064332,1.424022,0.623565,0.145615,0,577.874907,288.081482,0.048222,11.996881,-0.192036,17.49705,6.781214,10.825784,6.927357,1.723617,0.626395,0.133351,8.181399,14.611716,0,Bankrupted
14.997842,26.528375,4.808706,4.830064,1.198913,1.92615,0.995578,-0.042221,99.925413,85.53366,12.888469,-0.184298,14.624984,-0.794303,33.318787,12.452136,12.452136,0.36449,8.512545,1,-0.366946,115.916514,184.283304,65.635897,0.083827,14.793032,1,30.661923,6.364604,10.673666,0.568786,9.220887,0.59629,-0.283328,170.779031,190.01679,50.931167,Bankrupted
13.842263,26.339612,1.266739,1.266739,2.544519,0.80045,1,0.243414,38.214938,288.497873,481.479454,0.30118,14.463898,-0.421017,22.721954,1.073585,1.073587,1.188867,3.09578,0.999998,-0.034715,117.850255,625.019908,899.339808,-0.16559,14.129641,-1,-186.922891,-1.498828,-1.498828,-0.609284,-6.225204,1,-0.699734,141.760388,429.855704,226.32467,Bankrupted
15.23283,38.3538,3.239799,3.325871,0.723852,3.120688,0.974121,-0.123641,171.66614,394.884841,121.032998,0.122699,15.47947,-0.188811,35.847769,4.397309,4.397309,0.729162,3.988451,1,-0.119119,210.121082,219.562664,127.789579,0.164101,15.810667,0.148814,35.477538,5.279883,5.279879,0.837147,5.387471,1.000001,-0.077737,233.119407,214.270124,166.228921,Bankrupted
13.324138,-82.093163,11.149663,11.165419,1.747242,3.236004,0.998589,0.111951,37.570418,43.979762,23.491716,0.002294,13.328725,0.218889,-161.512856,-4.056589,-4.056589,-0.580076,-10.075424,1,-0.321188,330.502788,264.261923,81.796399,0.551711,14.5704,-0.481047,-155.456276,24.219039,31.663331,0.194119,43.77232,0.764892,-0.147223,176.033527,121.106912,68.334447,Bankrupted
12.920208,66.498853,2.095835,9.45019,8.793342,6.546564,0.221777,0.29798,8.180254,0,0,0.121264,13.163935,-0.637182,99.12727,0.711761,5.659361,10.110135,7.377801,0.125767,0.609281,5.073186,0,8065.209003,0.153971,13.474346,0.629428,88.689134,1.400479,10.632329,3.511616,10.302746,0.131719,0.289493,29.980651,466.644355,16.002918,Bankrupted
14.737367,3.029591,13.845304,13.845337,1.666012,5.112318,0.999998,0.058795,87.668024,122.286888,47.956521,0.274565,15.300955,0.351211,8.055369,8.402794,8.579168,2.3083,4.37012,0.979442,0.092216,167.41952,36.68991,21.345271,0.205611,15.718124,0.138882,20.603722,7.886243,8.022105,1.32214,5.372211,0.983064,0.013587,179.457263,77.551649,80.457288,Bankrupted
12.571295,48.953856,26.240844,26.240844,1.530695,4.001903,1,0.04199,10.662499,0,0,0.230288,13.040283,-0.26841,57.782429,20.12837,20.12837,1.884505,6.791334,1,0.011637,21.445337,60.249586,0,-0.017407,13.005465,-1,42.923039,-472.198011,-472.198011,-0.093792,-209.969711,1,-0.138048,58.978575,39.852634,0,Bankrupted
9.729313,5.29695,0.037077,0.037077,7.944681,0,1,0.87038,5186.749599,0,0,0.915855,12.85469,1,24.384268,32.996016,32.996016,1.794666,19.477081,1,0.017879,137.82367,186.865834,22.579622,0.194154,13.247991,-0.129561,45.562995,30.296662,30.296662,0.511624,21.614523,1,-0.045445,50.767989,420.53997,301.897211,Bankrupted
13.465346,21.081071,10.608037,10.608037,2.800638,7.645738,1,0.047717,193.380524,118.339951,100.188754,-0.131068,13.201694,1,23.244054,9.541112,9.541112,2.461113,5.635468,1,0.05496,193.67036,67.159884,35.564328,-0.026167,13.149348,-1,24.526482,13.272891,13.273198,1.284823,11.090712,0.999977,-0.01916,241.133954,123.842564,62.967969,Bankrupted
13.73385,47.577021,5.79044,5.798661,2.672505,3.497864,0.998582,-0.0593,53.082825,252.062398,299.560352,0.010956,13.755763,-1,47.798882,4.736184,4.831395,1.061529,5.628775,0.980293,-0.190645,62.988764,475.325065,565.872465,0.001136,13.758034,0.058903,35.6461,5.680292,5.680292,0.416098,13.486656,1,-0.374051,0,0,437.977485,Bankrupted
16.409273,21.3059,0.257302,-13.532364,24.694009,-83.318366,-0.019014,0.587538,1672.211982,1026.399745,352.171942,-0.078375,16.2522,0.230776,6.23078,0.315688,-5.189651,21.376668,-29.434902,-0.06083,0.526742,1716.115969,931.169862,0,-0.003994,16.244211,0.742938,24.746336,0.068253,12.09701,22.085058,304.423478,0.005642,0.52754,7962.772752,5158.361625,0,Bankrupted
16.068644,8.840226,-15.864938,-15.10662,-1.100867,-31.531997,1.050198,-0.108848,341.293296,240.89589,6.587773,0.155749,16.382699,1,-36.805629,-14.882265,-13.866985,-1.527576,-63.623296,1.073216,-0.043816,749.263295,270.908288,6.050843,-0.092561,16.197047,-1,18.662131,-12.94226,-12.098752,-1.675513,-49.721795,1.069719,-0.053783,675.101091,435.3962,55.567686,Bankrupted
17.563857,35.068122,0.031532,0.032106,0.969242,0.283199,0.982113,-0.075184,706.076352,2013.784757,153.19427,-0.008626,17.546605,0.207561,60.344209,0.007389,0.007526,0.956577,0.298301,0.981679,-0.08692,3251.105115,18274.89,0,0.017599,17.581806,0.723083,21.937006,0.000066,0.000066,1.216126,0.359553,1,-0.007586,1986690.496,360.628841,199.041768,Bankrupted
15.592639,16.976816,0.994032,1.481663,1.098143,1.307193,0.67089,-0.707476,56.924955,43.71254,186.617256,-0.013972,15.564693,0.261077,11.058113,0.989484,1.376402,1.01002,1.310682,0.718891,-0.810885,63.764711,71.728406,183.129076,0.02765,15.620006,1,14.498536,0.950952,1.176052,1.084171,1.099925,0.808597,-0.792174,116.554632,108.103691,175.045534,Bankrupted
14.129636,16.284638,2.36339,2.624813,71.734242,2.162848,0.900403,0.307115,350.795271,79.83003,100.013418,0.093521,14.317227,0.166264,19.592121,2.010871,2.9153,131.182294,2.887412,0.689765,0.340945,354.532102,106.910398,145.445744,0.15777,14.635425,-0.448989,13.200343,2.139924,3.097373,3.993125,4.312088,0.690883,0.165365,394.165369,133.470583,198.127637,Bankrupted
15.459032,20.307586,9.006494,9.558501,1.32266,5.256145,0.94225,-0.220527,104.261199,107.756543,114.461395,0.165772,15.793665,0.037781,22.056377,5.697579,9.975466,2.767914,7.684554,0.571159,-0.065332,120.53701,123.143895,194.273896,0.04443,15.882584,-0.019822,21.488852,11.12174,15.02793,0.347368,8.008463,0.740071,-0.488918,53.598272,78.75437,83.027122,Bankrupted
14.651543,13.526339,1.690479,1.690478,1.291937,1.524071,1.000001,-0.363396,85.498077,95.569593,171.659408,0.001294,14.654132,-1,9.242327,1.507482,1.507482,1.29996,1.460177,1,-0.376781,131.540879,78.319891,207.906427,0.117642,14.890511,-0.692036,-6.404822,1.718107,1.718107,1.117835,2.797762,1,-0.360345,288.318548,210.228388,159.624162,Bankrupted
15.540541,23.104083,0.566878,0.662084,1.675168,1.040971,0.856201,-0.144475,189.876745,170.526049,390.881036,0.001603,15.543748,-1,-59.223597,0.636374,0.83761,1.477466,1.749036,0.75975,-0.250117,302.806815,155.876873,147.304479,0.067351,15.678654,0.321097,16.848401,0.376608,0.446111,1.720835,1.154971,0.844202,-0.149607,205.42548,253.785377,527.161808,Bankrupted
17.04999,22.93,4.61,4.69,3.25,1.53,0.98,0.142637,115,55,13,0.328041,17.731252,-0.032038,23.13,1.46,1.47,6.51,0.52,0.99,0.476146,130,71,16,0.021204,17.773667,0.068804,18.24,1.35,1.36,6.15,0.57,0.99,0.401465,212,90,27,Non-Bankrupted
10.916415,2.38,7.430792,9.03342,6.307921,5.828191,0.923116,-0.653678,20,100,3,0.304397,11.545131,0.698053,4.46,6.717181,8.380947,10.341332,4.037737,0.86088,-0.300175,18,163,9,0.216736,11.985588,-0.724976,4.46,3.915593,5.800956,10.086011,7.001609,0.846217,-0.174535,17,250,9,Non-Bankrupted
13.4404,12.55,2.04,2.04,3.69,0.28,1,0.571875,246.97897,5446.683763,90,0.019386,13.479177,0.62661,17.62,1.97,1.99,3.5,0.28,0.99,0.564122,240.255592,577.874907,77,0.079873,13.639265,0.033468,19.19,2.2,2.22,2.76,0.5,0.99,0.426998,14535.948961,360.628841,101,Non-Bankrupted
11.565546,93.13,1.48,1.48,16.64,1.13,1,0.43642,268,3616,2323,0.165911,11.900464,0.069082,97.21,1.85,1.85,29.45,1.47,1,0.380086,299,7375,4102,0.124439,12.150639,0.00555,97.84,2.12,2.12,160.12,1.67,1,0.364665,329,9797,4097,Non-Bankrupted
15.206958,11.83,0.31,0.39,1.08,0.63,0.81,0.056956,124,417,166,0.008184,15.223326,0.953927,31.51,0.26,0.39,1.39,0.55,0.67,0.266454,147,69,282,0.015789,15.254906,-0.430542,23.16,0.26,0.38,1.38,0.58,0.67,0.255088,152,99,290,Non-Bankrupted
12.137092,25.208568,0.03,0.03,24.45,5.828191,1,0.958917,246.97897,5446.683763,184.373027,0,12.137092,0,24.39895,0.03,0.03,24.45,4.037737,1,0.958917,240.255592,577.874907,288.081482,-0.005115,12.126862,-1,21.937006,0,0,24.21,7.001609,1,0.957953,14535.948961,360.628841,199.041768,Non-Bankrupted
14.39767,50.05,3.86,3.87,5.95,3.27,1,0.150847,344,189,184.373027,0.089014,14.57617,-0.565157,34.33,2.44,2.44,2.31,1.96,1,0.086461,261,168,288.081482,0.084365,14.745301,0.460807,51.14,3.04,3.04,3.38,1.76,1,0.132598,251,173,199.041768,Non-Bankrupted
16.333511,13.97,2.78,2.82,8.27,2.15,0.99,0.18059,317,212,33,0.05176,16.437124,1,19.5,0.7,1.71,25.11,1.86,0.41,0.500658,319,21,54,-0.265176,15.893789,-1,10.83,0.35,0.52,14.57,0.76,0.67,0.274444,224,79,196,Non-Bankrupted
16.42307,25.68,0.29,0.29,18.53,0.09,1,0.014448,98,77,42,-0.044508,16.333994,-0.559923,23.94,0.36,0.36,21.02,0.06,1,0.026673,23,11,62,-0.263858,15.793492,-0.639268,17.01,0.44,0.44,14.65,0.08,1,0.030852,30,36,54,Non-Bankrupted
14.636128,17.67,23.24,26.04,3.32,11.16,0.89,0.062943,117,102,53,0.006606,14.64934,0.431295,17.73,19.05,19.52,8.8,7.28,0.98,0.108596,103,71,45,0.014411,14.678163,-0.270792,18.44,14.48,15.83,11.18,7.44,0.91,0.116905,117,95,56,Non-Bankrupted
15.35182,6.79,5.41,6.3,40.55,2.13,0.86,0.362783,66,97,58,-0.147141,15.055386,0.476205,10.22,6.95,8.25,52.14,1.24,0.84,0.519509,32,19,36,0.100834,15.257741,-0.330218,13.04,3.18,3.74,23.42,1.45,0.85,0.459798,78,69,91,Non-Bankrupted
14.569778,37.71,81.88,81.87,0.62,95.49,1,-0.011289,210,454,323,-0.064873,14.439849,-0.00555,47.47,27.21,57.1,1.26,83.74,0.48,-0.000536,187,751,598,0.119313,14.679618,0.384975,53.48,59.54,96.65,0.56,106.7,0.62,-0.021071,173,575,448,Non-Bankrupted
14.015868,45.28,1.22,1.63,0.78,1.24,0.75,-0.197244,14,321,184.373027,0.014268,14.044407,-0.715769,33.9,1.14,1.47,0.88,1.11,0.77,-0.109767,15,270,288.081482,-0.117626,13.808061,-1,22.82,0.95,1.2,0.96,0.72,0.79,-0.062464,90,152,199.041768,Non-Bankrupted
14.653429,36.82,1.57,1.61,1.99,0.54,0.98,0.327918,172,58,8,0.097796,14.849648,0.153974,41.47,1.15,1.17,2.92,0.33,0.98,0.500591,198,59,30,0.021412,14.892479,-0.273357,29.84,1.28,1.32,2.73,0.72,0.97,0.378777,183,77,23,Non-Bankrupted
14.839568,22.42,0.92,0.97,1.71,0.24,0.95,0.347642,188,43,18,0.143561,15.128687,0.530583,35.39,1.18,1.22,1.72,0.25,0.97,0.346695,162,39,16,0.052069,15.232919,-0.170949,26.47,1.28,1.28,1.45,0.44,1,0.21423,148,47,14,Non-Bankrupted
16.031355,23.97,1.7,1.71,2.18,0.74,0.99,0.312788,155,89,120,0.041479,16.114362,-0.80552,15.63,1.32,1.32,1.95,0.98,1,0.245314,232,102,184,0.000616,16.115594,0.270667,18.93,1.36,1.36,1.88,0.96,1,0.237794,228,134,171,Non-Bankrupted
13.895047,9.19,40.24,40.24,1.45,9.65,1,0.025859,60,93,30,0.147726,14.192677,-0.27905,9.92,88.41,88.41,0.83,30.18,1,-0.008915,91,120,32,0.262215,14.729647,1,9.76,52.1,52.1,1.48,19.87,1,0.01403,116,152,19,Non-Bankrupted
11.819741,15.77,3.6,3.6,8.43,1.08,1,0.404683,86,41,30,0.09135,12.002952,-0.074765,15.07,3.44,3.44,6.51,1.5,1,0.324683,120,44,20,0.079624,12.162539,-0.016305,18.22,3.68,3.68,2.81,1.92,1,0.208899,166,83,73,Non-Bankrupted
15.166849,16.36,2.77,2.77,9.93,1.01,1,0.431058,234,85,184.373027,-0.361557,14.409496,-1,26.57,8.59,8.64,2.32,4.21,0.99,0.071776,151,208,288.081482,-0.237111,13.926075,1,33.66,5.91,6.34,3.26,2.47,0.93,0.150415,174,125,199.041768,Non-Bankrupted
13.413584,0,0.01,0.01,1.02,0.01,1,0.020926,246.97897,5446.683763,184.373027,0.001415,13.416414,0.212132,0,0,0,1.03,0.01,1,0.02981,240.255592,577.874907,288.081482,-0.007574,13.401266,-0.08739,0,0,0,1.02,0,1,0.018159,14535.948961,360.628841,199.041768,Non-Bankrupted
12.538207,39.22,1.62,1.62,0.43,2.23,1,-0.408913,129,864,45,-0.093539,12.35058,-1,11.57,2.11,2.11,0.47,1.68,1,-0.428397,56,334,17,0.118369,12.588433,1,12.84,3.54,3.56,0.56,1.93,0.99,-0.269488,108,229,0,Non-Bankrupted
14.541795,29.19,35.48,35.48,1.18,12.06,1,0.004837,11,161,119,0.036727,14.615281,0.080038,31.37,17.97,17.97,3.46,5.57,1,0.101122,14,150,119,0.074724,14.765008,0.583917,36.39,15.24,15.24,4.14,5.11,1,0.117241,14,162,159,Non-Bankrupted
15.300688,31.86,6.69,6.69,0.93,4.45,1,-0.015173,188,172,76,-0.001275,15.298138,0.508972,33.55,7.28,7.28,1.05,4.45,1,0.005903,178,131,61,0.01561,15.329361,0.509647,36.76,9.13,9.14,0.89,5.85,1,-0.020686,180,138,64,Non-Bankrupted
15.25076,45.49,0.72,0.74,3.52,0.53,0.97,0.47754,52,144,990,0.001029,15.252819,0.001108,46.07,0.88,0.89,3.46,0.51,0.99,0.471332,61,80,747,-0.071681,15.109211,0.020577,41.44,1.25,1.25,2.58,0.67,1,0.362015,68,65,495,Non-Bankrupted
15.716996,13.97,2.63,2.86,0.84,2.02,0.92,-0.068102,73,137,170,0.11818,15.954466,-0.314455,12.45,1.7,2.01,0.83,1.86,0.84,-0.085742,104,183,158,0.035553,16.025602,0.053143,20.71,1.83,2.16,0.88,2.06,0.85,-0.055065,115,158,216,Non-Bankrupted
15.388187,12.9,30.6,35.91,5.7,17.85,0.85,0.050835,150,119,35,-0.041958,15.304223,-0.763716,11.32,23.97,27.89,1.46,15.3,0.86,0.021889,146,113,50,-0.026838,15.250534,-0.083939,15.86,25.7,39.02,0.87,29.51,0.66,-0.008334,191,153,79,Non-Bankrupted
15.412343,24.43,6.39,8.57,0.13,20.29,0.75,-0.433834,271,115,92,0.01765,15.447647,0.919293,28.7,6.19,6.21,0.1,19.91,1,-0.421718,273,226,112,0.023008,15.493671,1,33.25,4.88,4.89,0.18,11.86,1,-0.355883,317,195,94,Non-Bankrupted
13.954661,15.8,4.29,5.02,1.39,4.37,0.85,0.057426,0,0,37,0.153138,14.263366,-0.074516,15.32,6.06,7.35,1.17,6.64,0.82,0.020448,271,151,38,0.097729,14.45945,0.533883,17.38,9.14,9.27,1.09,8.64,0.99,0.006828,286,132,48,Non-Bankrupted
15.528414,29.49,7.59,8.49,0.99,3.9,0.89,-0.009017,90,93,85,0.067456,15.663531,0.074942,20.39,4.04,5.76,0.82,4.19,0.7,-0.069321,139,94,87,0.010875,15.685282,-0.614619,22.06,4.11,5.8,0.82,4.25,0.71,-0.068755,132,68,87,Non-Bankrupted
15.451607,18.84,3.4,3.59,1.07,1.87,0.95,0.025316,154,85,19,0.077138,15.60619,0.149897,16.46,3.43,4.57,1.54,2.12,0.75,0.150162,122,62,20,0.15004,15.908553,0.59817,27.05,4.16,5.57,1.65,2.97,0.75,0.131327,152,66,28,Non-Bankrupted
15.542377,23.54,13.02,13.02,20.97,12.85,1,0.068291,298,225,73,-0.012674,15.517027,-0.22427,22.79,10.57,10.57,43.28,12.95,1,0.069497,371,258,97,-0.011936,15.493154,-0.184067,27.4,12.54,12.54,13.75,13.5,1,0.062769,318,260,95,Non-Bankrupted
15.953653,26.74,5.66,6.01,0.66,2.27,0.94,-0.189776,39,93,38,0.035789,16.025261,0.046534,26.68,3.76,5.18,0.86,2.01,0.73,-0.097329,55,94,34,-0.040888,15.943439,-0.232306,22.34,4.26,5.59,0.87,1.82,0.76,-0.104198,33,74,44,Non-Bankrupted
14.703808,37.52,2.55,2.55,1.02,1.33,1,0.003702,163,229,21,0.350394,15.435594,-1,36.55,1.5,1.5,2.23,0.88,1,0.287127,222,260,8,0.268199,15.985439,1,22.88,3.58,3.58,0.98,2.18,1,-0.010733,171,241,15,Non-Bankrupted
15.487443,25.49,0.92,0.94,1.81,0.89,0.98,0.239739,93,103,168,-0.048218,15.390932,-1,8.47,0.95,0.95,1.88,0.99,1,0.21437,103,111,167,-0.031547,15.327817,1,6.82,0.93,0.93,2.1,0.97,1,0.220181,74,120,174,Non-Bankrupted
15.731878,29.22,0.75,0.92,1.46,1.14,0.81,0.18216,259,199,349,0.090783,15.913944,0.468981,26.72,0.98,1.15,1.37,1.4,0.85,0.130375,253,151,274,0.12697,16.169262,0.070897,35.22,1.23,1.4,1.23,2.4,0.88,0.061948,389,163,293,Non-Bankrupted
15.613525,18.36,11.2,12.76,14.73,17.48,0.88,0.057473,168,302,339,0.105195,15.824697,-0.376785,24.03,6.76,7.7,26.94,21.82,0.88,0.048007,536,678,620,-0.036336,15.751993,0.214128,17.19,2.28,11.41,261.67,19.77,0.2,0.239678,250,319,404,Non-Bankrupted
16.261987,14.03,88.8,240.21,1.69,127.24,0.37,0.00433,138,166,184.373027,-0.055437,16.151,-0.007402,13.84,68.59,176.76,2.79,83.64,0.39,0.015385,93,155,288.081482,0.237718,16.635708,-0.058171,10.99,73.72,186.48,3.73,118.48,0.4,0.012872,192,207,199.041768,Non-Bankrupted
16.337165,10.75,5.36,5.55,0.4,9.21,0.97,-0.150211,254,172,222,-0.249252,15.827935,-0.65838,-5.99,0,0,0,0,0,-0.444835,156,137,31,0.141417,16.112678,1,21.74,20.44,21.57,0.06,52.48,0.95,-0.30163,326,490,331,Non-Bankrupted
15.326028,8.42,1.54,1.86,1.01,1.11,0.83,0.000883,138,100,15,0.179214,15.688368,0.562615,11.77,1.59,1.99,0.77,1.54,0.8,-0.147844,148,144,13,-0.031965,15.624417,-0.93091,2.33,1.83,2.41,0.86,1.64,0.76,-0.083883,143,67,13,Non-Bankrupted
15.196056,13.61,1.58,1.61,1.63,0.68,0.99,0.232835,112,128,103,0.106319,15.409502,0.454851,17.82,1.45,1.7,1.96,0.83,0.85,0.315029,125,140,109,-0.044049,15.321347,0.280868,29.59,1.53,1.55,2,0.41,0.99,0.358702,107,82,87,Non-Bankrupted
16.07431,26.99,2,2.01,15.89,0.26,1,0.745644,105,52,96,0.021181,16.116678,-0.49823,28.63,1.51,1.52,17.25,0.22,1,0.777101,118,58,138,0.073735,16.264416,0.188349,29.23,1.5,1.51,21.66,0.28,0.99,0.745097,125,73,144,Non-Bankrupted
13.165808,95.11,0.66,0.66,3.42,0.06,1,0.668325,205,392,3690,0.119582,13.406122,-0.051584,95.27,0.46,0.46,4.23,0.06,1,0.721325,231,141,5130,0.065477,13.537263,-1,67.16,0.29,0.29,3.76,0.57,1,0.466247,445,29,1523,Non-Bankrupted
14.712905,36.71,7.34,7.4,4.45,4.89,0.99,0.13248,228,164,61,0.055782,14.824585,-0.033386,43.87,6.06,6.06,4.55,4.52,1,0.141083,247,68,120,0.280107,15.400181,0.084575,52.98,6.3,6.3,1.69,7.24,1,0.049409,275,244,320,Non-Bankrupted
15.126446,40.15,17.06,17.06,0.76,6.04,1,-0.121305,81,168,184.373027,0.30024,15.746013,-0.608644,24.85,33.39,33.39,0.95,13.14,1,-0.047149,115,140,288.081482,0.238337,16.232034,-0.492347,14.25,60.88,60.88,1.2,21.93,1,-0.02088,112,124,199.041768,Non-Bankrupted
16.762412,100,0,0,101.31,0,1,0.448368,85,5446.683763,184.373027,0.056025,16.874579,-0.975844,0,0,0,143.16,0,1,0.215509,0,577.874907,288.081482,-0.075339,16.723615,0.41791,0,0,0,156.1,0,1,0.343521,0,360.628841,199.041768,Non-Bankrupted
14.330901,22.21,9.35,9.35,0.49,6.86,1,-0.188736,89,104,130,0.146439,14.625901,-0.457055,24.68,11.43,13.09,0.25,13.47,0.87,-0.305498,88,135,128,0.063513,14.753098,-1,24.97,4.67,5.08,0.29,9.03,0.92,-0.363378,162,294,190,Non-Bankrupted
11.415599,53.53,17.4,17.4,7.02,2.26,1,0.264533,7,34,8,0.103237,11.622811,0.496601,59.34,9.2,9.2,5.19,0.96,1,0.412131,13,37,15,0.177669,11.98196,-0.03891,63.19,6.59,6.59,6.26,0.91,1,0.437924,31,79,11,Non-Bankrupted
15.753237,33.7,5.31,5.39,0.73,2.83,0.98,-0.134669,58,62,92,0.204902,16.168926,0.456087,33.15,2.93,3.06,1.21,1.92,0.96,0.035737,100,43,169,0.029268,16.227479,0.059943,26.46,3.17,3.2,1.91,2.17,0.99,0.127645,50,151,221,Non-Bankrupted
14.476195,36.06,0.21,0.24,1.08,0.26,0.87,0.065595,225,32,184.373027,0.00624,14.488675,0.004797,26.22,0.39,0.44,2.36,0.22,0.9,0.468774,505,8,288.081482,0.017738,14.524155,-0.109659,13.67,0.59,0.63,2.4,0.22,0.93,0.459326,362,15,199.041768,Non-Bankrupted
16.429839,58.7,0.64,0.64,1.05,0.54,1,0.027969,319,551,31,0.379327,17.228386,-1,73.17,0.39,0.39,0.84,0.5,1,-0.126415,272,1140,41,-0.004549,17.219288,-0.919413,70.75,0.51,0.51,0.58,1.18,1,-0.329549,296,2102,58,Non-Bankrupted
18.002474,0,0.05,0.05,1.07,1.55,1,-0.581426,246.97897,5446.683763,184.373027,-0.005575,17.991323,-0.338207,0,0,0,2.67,0.01,1,0.003303,240.255592,577.874907,288.081482,0.024238,18.039808,-0.003208,0,0,0,2.31,0.07,1,-0.057328,14535.948961,360.628841,199.041768,Non-Bankrupted
15.08441,15.62,2.71,2.96,0.84,1.24,0.91,-0.096712,58,70,42,0.330538,15.771274,-0.401775,11.65,2.81,3.42,0.86,3.18,0.82,-0.049934,161,36,134,-0.114205,15.541863,-0.682614,10.65,2.96,3.54,0.87,2.34,0.84,-0.05676,158,10,35,Non-Bankrupted
17.023476,47.22,1.89,1.89,0.9,1.29,1,-0.052773,132,322,25,0.059433,17.142483,-1,35.86,3.7,3.76,0.53,2.17,0.98,-0.298809,86,203,8,0.060363,17.263356,1,50.08,3.16,4.2,0.9,1.85,0.75,-0.134287,74,158,4,Non-Bankrupted
12.362204,27.69,1.3,1.3,12.25,0.38,1,0.667248,70,115,380,0.267702,12.910978,0.395002,25.85,1.53,1.53,11.16,1.34,1,0.385441,91,261,564,0.192096,13.300002,0.062338,24.41,1.43,1.43,22.52,0.86,1,0.512394,117,160,451,Non-Bankrupted
12.836658,100,1.87,2.12,30.01,0.66,0.88,0.641398,201,5446.683763,184.373027,0.012462,12.861583,-0.172879,100,1.47,1.67,44.82,0.35,0.88,0.80732,221,577.874907,288.081482,0.047882,12.95742,-0.165098,100,1.39,1.55,76.46,0.28,0.89,0.849115,235,360.628841,199.041768,Non-Bankrupted
15.89705,10.31,1.65,1.65,1.4,0.54,1,0.184612,123,35,63,-0.022798,15.851446,-1,6.58,1.75,1.76,1.39,0.63,1,0.171293,116,22,77,0.06851,15.988681,0.419267,7.07,1.9,2.28,1.73,0.96,0.83,0.257794,109,54,100,Non-Bankrupted
15.57997,22.01,0.37,0.37,1.34,0.28,0.98,0.203822,89,135,528,0.040941,15.661898,0.095465,17.68,0.44,0.45,1.3,0.41,0.98,0.168853,102,172,454,0.002169,15.666235,-0.680687,18.77,0.44,0.44,1.37,0.33,0.99,0.203475,85,110,493,Non-Bankrupted
15.629202,17.95,8.97,9.25,1.75,4.71,0.97,0.076634,123,75,50,0.152069,15.935717,-0.003038,17.04,6.27,6.28,1.99,4.13,1,0.048483,172,81,93,0.143775,16.225274,0.096247,18.92,6.44,6.79,1.95,4.88,0.95,-0.016799,160,89,93,Non-Bankrupted
15.869582,16.08,1.84,2.81,0.86,2.92,0.65,-0.108083,171,68,86,0.083555,16.037082,-1,7.16,2.84,3.82,0.45,5.28,0.74,-0.292893,250,131,44,-0.078434,15.879891,-0.272233,-16.41,2.19,4.16,0.21,13,0.53,-0.560631,324,386,19,Non-Bankrupted
14.051179,26.4,47.23,47.23,0.68,16.17,1,-0.050563,111,136,184.373027,0.101442,14.254764,-0.549548,26.48,53.63,53.63,0.88,19.11,1,-0.025781,109,165,288.081482,-0.021037,14.212683,0.316917,28.04,48.26,48.26,1.29,17.13,1,-0.008739,107,161,199.041768,Non-Bankrupted
11.324002,35.37,4.38,4.38,6.87,3.51,1,-0.277828,109,280,30,-0.124178,11.074358,0.260834,39.38,6.12,6.12,12.5,2.28,1,-0.310097,28,118,12,-0.151941,10.768106,-1,28.56,14.93,14.93,4.02,6.37,1,0.042121,146,153,4,Non-Bankrupted
14.487084,13.65,17.87,23.72,37.9,13.1,0.75,0.091452,175,146,47,0.024523,14.53614,0.011168,12.09,6.73,26.03,48.42,12.6,0.26,0.278247,162,111,30,0.088244,14.713088,0.163122,14.35,6.19,15.37,22.48,8.67,0.4,0.245348,200,131,25,Non-Bankrupted
14.339627,10.32,6.22,6.22,0.05,19.17,1,-0.862066,24,1249,15,0.046512,14.432719,-0.995614,-39.83,1.34,1.34,0.08,14.79,1,-0.740123,140,2863,0,0.192288,14.822144,1,38.62,2.9,2.9,0.09,12.75,1,-0.713353,80,2206,2,Non-Bankrupted
15.070118,30.28,4.75,5.32,3.16,4.39,0.89,0.141738,40,143,24,0.093198,15.257057,-0.121465,18.14,3.58,4,3.95,4.35,0.89,0.155894,40,249,13,-0.036448,15.184129,0.010864,31.22,2.82,3.15,14.59,3.29,0.9,0.242499,108,253,14,Non-Bankrupted
12.822379,42.63,5.2,5.2,0.58,1.28,1,-0.456245,0,49,184.373027,0.366005,13.589983,-0.802051,28.93,0.28,0.28,2.72,0.45,1,0.27315,12,320,288.081482,-0.194109,13.196775,1,24.65,0.25,0.25,2.48,0.02,1,0.34718,3,31,199.041768,Non-Bankrupted
11.422891,-0.6,0.9,0.9,0,1.3,1,0.437685,307,368,592,0.061752,11.546554,1,100,1,1,0,1.2,1,0.454458,11,0,0,0.087432,11.721865,0.152901,70,0.83,0.83,0,1.17,1,0.462523,86,1503,1609,Non-Bankrupted
10.288784,16.01,7.61,7.66,0,0.66,0.99,0.612224,2,23,82,0.003238,10.295259,-1,12.99,8.3,8.39,0,1.29,0.99,0.439308,2,61,107,0.130376,10.557504,1,24.5,5.7,5.74,0,0.78,0.99,0.571949,4,56,112,Non-Bankrupted
13.860505,2.04,18.17,18.17,0.45,6.59,1,-0.161564,112,105,184.373027,0.190716,14.246664,1,8.21,33.91,34.26,0.32,8.72,0.99,-0.247558,61,69,288.081482,0.037047,14.320792,-1,7.5,9.75,9.75,0.86,3.03,1,-0.06697,77,67,199.041768,Non-Bankrupted
12.812444,33.25,32.07,32.07,0.45,13.37,1,-0.084526,47,115,88,0.0955,13.004028,-0.596482,24.17,20.97,20.97,0.72,16.14,1,-0.024764,76,253,202,-0.156344,12.688755,0.457201,46.52,8.23,8.23,3.6,4.48,1,0.09874,38,169,278,Non-Bankrupted
12.258997,31.4,4.17,4.25,2.31,2.38,0.98,0.170721,113,203,34,0.088313,12.436085,0.361147,30.43,5.18,5.4,8.43,2.81,0.96,0.234385,200,199,25,0.001864,12.439812,-0.148235,30.11,4.74,5.05,2.46,2.77,0.94,0.158314,150,179,28,Non-Bankrupted
13.288591,42.71,3.18,3.18,7.15,3.53,1,0.174452,65,518,731,0.059441,13.407613,-1,44.69,2.02,2.02,3.21,4.6,1,0.109767,70,887,1530,-0.068216,13.270968,1,31.53,3.09,3.09,3.71,3.16,1,0.160315,36,398,575,Non-Bankrupted
12.601073,63.48,1.53,1.53,1.15,0.88,1,0.064,151,567,0,0.143757,12.890593,-1,-6.26,2.5,2.5,0.61,2.07,1,-0.21182,166,226,7,0.113575,13.118727,0.077428,-4.46,4.48,4.48,0.51,3.76,1,-0.21478,0,0,10,Non-Bankrupted
14.607427,13.56,74.58,74.58,0.07,31.98,1,-0.417644,23,140,48,0.468833,15.624575,-0.107712,12.31,0,0,0,0,0,-0.203776,14,275,179,-0.498708,14.529406,-0.399996,5.8,0,0,0,0,0,-0.764963,15,148,32,Non-Bankrupted
11.727755,29.66,2.3,2.3,4.04,0.56,1,0.459807,24,123,74,0.159964,12.050453,0.383929,20.62,3.98,3.98,8.49,0.88,1,0.455669,36,49,32,-0.256571,11.525585,-1,9.03,0.95,0.95,65.7,0.37,1,0.691194,128,72,2,Non-Bankrupted
11.564483,29.51,0.24,0.24,0.38,6.06,1,-0.750302,675,9402,184.373027,0.124698,11.815183,1,96.65,0.63,0.63,2.03,0.92,1,-0.140438,338,10127,288.081482,0.84633,14.30133,0.680154,43.87,2.08,2.08,41.66,10.02,1,-0.730849,261,3023,199.041768,Non-Bankrupted
14.866475,22.88,0.27,0.27,0.98,0.41,1,-0.019578,180,693,27,0.284204,15.450974,-0.547116,0.71,0.26,0.26,0.83,0.51,1,-0.144783,175,371,25,0.304645,16.080237,0.158392,2.5,0.34,0.34,0.39,2.45,1,-0.451784,183,1391,5,Non-Bankrupted
13.383538,9.45,3.75,3.75,0.64,3.14,1,-0.137086,175,217,8,0.509115,14.506606,0.675241,18.09,7.02,7.02,0.61,8.68,1,-0.067138,407,71,1,0.553526,15.753506,0.083592,28.9,1.47,7.33,1.82,19.24,0.2,0.11073,0,0,99,Non-Bankrupted
15.060751,43.67,1.39,1.39,1.33,0.8,1,0.140194,237,266,184.373027,0.205151,15.47696,-0.294666,39.64,1.84,1.84,1.83,1.31,1,0.196319,349,317,288.081482,-0.340939,14.76665,-1,-9.89,1.39,1.43,1.59,1.31,0.97,-0.003477,306,125,199.041768,Non-Bankrupted
12.312894,13.69,6.92,6.92,31.95,2.77,1,0.256126,27,155,61,-0.00487,12.303154,-0.300607,18.63,4.16,4.16,26.27,2.72,1,0.254095,32,272,146,0.077918,12.459307,-0.16401,13.65,5,5,37.9,3.34,1,0.21736,47,268,113,Non-Bankrupted
13.997759,31.58,1.24,1.25,0.86,0.68,0.99,-0.117509,38,135,35,0.100287,14.19901,-1,16.01,0.82,0.82,0.84,1.13,0.99,-0.108354,107,364,192,0.009835,14.218681,1,46.28,0.75,0.75,0.99,1.16,1,-0.023387,114,705,496,Non-Bankrupted
12.017361,47.5,15.43,15.43,1.19,6.48,1,0.012077,137,251,21,0.095319,12.20858,-0.21374,39.85,10.69,10.69,1.71,6.99,1,0.044887,229,333,17,0.072971,12.354781,0.004679,40.67,9.51,9.51,2.46,7.27,1,0.064637,254,436,38,Non-Bankrupted
13.743471,22.57,5.83,5.83,0.77,4.01,1,-0.062332,84,174,52,0.298154,14.358455,1,32.39,5.86,5.86,1.55,4.52,1,0.062752,75,249,320,0.252845,14.875354,-0.382187,27.47,4.6,4.6,1.03,3.47,1,0.006584,221,140,54,Non-Bankrupted
11.635019,12.86,0.25,0.25,1.58,0.04,1,0.354026,55,66,184.373027,-0.381914,10.830421,0.07371,61.49,0.06,0.06,2.31,0,1,0.57386,0,0,288.081482,-0.091186,10.647542,0.721697,0,0,0,2.41,0.02,1,0.57022,0,0,199.041768,Non-Bankrupted
16.691797,0,0.02,0.02,2.57,0.01,1,0.603665,246.97897,5446.683763,184.373027,0.389454,17.51411,-0.230113,0,0.01,0.01,1.78,0,1,0.435793,240.255592,577.874907,288.081482,0.253407,18.032211,-0.324074,0,0.01,0.01,1.62,0,1,0.381761,14535.948961,360.628841,199.041768,Non-Bankrupted
13.679207,27.58,1.25,1.25,20.25,0.81,1,0.524881,246.97897,5446.683763,667,-0.047637,13.583861,0.155507,23.97,1.09,1.09,28.89,0.49,1,0.649249,240.255592,577.874907,595,0.022213,13.628294,-1,22.51,1.03,1.03,39.75,0.59,1,0.611386,14535.948961,360.628841,616,Non-Bankrupted
15.057077,26.28,1.69,1.69,1.19,2.16,1,0.048829,3,326,668,-0.094412,14.867688,-1,-4.16,1.92,1.92,1.03,1.99,1,0.009079,6,150,349,-0.025544,14.816589,0.343777,9.56,2.52,2.52,0.74,2.74,1,-0.095546,0,0,350,Non-Bankrupted
14.959147,39.31,1.71,1.72,1.69,1.17,0.99,0.186734,114,0,308,0.120561,15.201448,1,48.07,1.17,1.18,2.86,0.76,0.99,0.369382,206,0,384,0.055368,15.312297,0.236785,48.96,1.07,1.08,3.44,0.7,0.99,0.419268,232,8,348,Non-Bankrupted
14.766651,12.28,5.78,5.78,0.93,1.75,1,-0.0282,59,56,33,0.239427,15.254984,0.936642,14.09,8.18,8.66,1.06,2.66,0.94,0.016594,60,62,28,0.046677,15.348405,0.032288,18.1,4.64,6.04,1.37,2.93,0.77,0.088739,103,85,57,Non-Bankrupted
17.73013,22.26,0.21,0.25,1.14,0.49,0.84,0.03094,365,208,27,0.085622,17.901794,0.142357,24.79,0.26,0.32,1.19,0.7,0.8,-0.064619,227,39,61,-0.079543,17.742372,-0.410997,16.4,0.17,0.22,1.34,0.49,0.77,0.003311,193,67,14,Non-Bankrupted
14.040848,10.56,2.13,2.13,1.37,0.18,1,0.228299,13,19,35,0.07389,14.188897,0.222566,12.25,2.23,2.23,1.43,0.29,1,0.228548,15,22,26,0.083898,14.357088,0.32837,18.83,2.13,2.13,1.7,0.36,1,0.296733,17,29,37,Non-Bankrupted
16.277987,27.17,2.5,2.62,1.92,1.98,0.95,0.165504,203,175,94,0.001771,16.281529,-0.872049,19.16,2.36,2.45,2,2.03,0.96,0.165004,213,176,88,-0.183108,15.911136,-1,15.58,4.51,4.77,1.41,4.31,0.95,0.04932,233,179,78,Non-Bankrupted
16.007338,17.45,1.05,1.05,1.24,0.84,1,0.101211,154,254,261,-0.007295,15.992749,-0.793613,15.48,1.06,1.06,1.15,0.81,1,0.07062,139,184,182,0.019904,16.032561,0.829193,24.65,1.07,1.07,1.22,0.86,1,0.095967,158,226,208,Non-Bankrupted
15.875201,28.23,2.02,2.02,1.77,0.6,1,0.273218,91,80,133,-0.019486,15.836224,-0.716055,19.11,1.59,1.59,1.72,0.54,1,0.272412,90,87,158,0.022107,15.880445,-0.230754,18.95,1.2,1.2,1.31,1.01,1,0.118076,150,118,280,Non-Bankrupted
14.378253,68.39,2.81,2.84,6.52,1.69,0.99,0.308747,112,106,324,0.296688,14.990022,0.315052,72.32,1.93,4.02,13.98,3.7,0.48,0.371691,131,250,550,-0.016535,14.95695,0.103562,75.55,2.5,4.49,9.74,3.27,0.56,0.335327,103,179,512,Non-Bankrupted
14.597912,12.92,1.01,1.01,0.73,0.83,1,-0.203044,38,70,142,-0.026215,14.545471,0.674278,18.46,1.13,1.13,0.97,0.38,1,-0.02506,62,50,42,-0.026859,14.491739,-0.154502,5.49,1.43,1.43,1.25,0.32,1,0.152051,31,28,14,Non-Bankrupted
15.558559,24.81,1.82,2.04,1.61,1.18,0.89,0.114791,85,97,142,-0.029267,15.500009,0.21017,25.22,1.81,2,1.83,0.96,0.9,0.171251,76,59,148,0.065664,15.631526,0.100124,27.04,1.85,2.02,1.85,1.3,0.91,0.143477,94,105,199,Non-Bankrupted
